Movie,Post-Nom Gross,Post-Nom Theatres,Pre-Nom Gross,Pre-Nom Theatres,Release,Year,url,Actor,Actress,Adapted Screenplay,Animated Feature,Art Direction,Cinematography,Costume Design,Director,Editing,Foreign Language Picture,Makeup,Original Comedy/Musical Score,Original Dramatic Score,Original Score,Original Screenplay,Original Song,Picture,Sound,Sound Editing,Supporting Actor,Supporting Actress,Visual Effects,Nomination count,Win,BAFTA,DGA,PGA,GGC,GGD
E.T.: The Extra-Terrestrial,0.6136074891525558,1.144271948608137,3.3224274475963056,1.7801361633960753,1982-06-11,1982,/movies/?id=et.htm,0.0,0.0,0.0,0.0,0.0,1.0,0.0,1.0,1.0,0.0,0.0,0.0,0.0,1.0,1.0,0.0,1.0,1.0,1.0,0.0,0.0,1.0,9,0,0,0,0,0,0
Tootsie,2.485495084385847,1.6354389721627407,1.0163847980020517,1.223468161794153,1982-12-17,1982,/movies/?id=tootsie.htm,1.0,0.0,0.0,0.0,0.0,1.0,0.0,1.0,1.0,0.0,0.0,0.0,0.0,0.0,1.0,1.0,1.0,1.0,0.0,0.0,1.0,0.0,9,0,0,0,0,1,0
The Verdict,0.5894784900610207,1.142933618843683,0.40033946389821584,0.9050861033239889,1982-12-10,1982,/movies/?id=verdict.htm,1.0,0.0,1.0,0.0,0.0,0.0,0.0,1.0,0.0,0.0,0.0,0.0,0.0,0.0,0.0,0.0,1.0,0.0,0.0,1.0,0.0,0.0,5,0,0,0,0,0,0
Gandhi,1.3114189364005766,1.077355460385439,0.11963900354141595,0.35742891469763716,1982-12-10,1982,/movies/?id=gandhi.htm,1.0,0.0,0.0,0.0,1.0,1.0,1.0,1.0,1.0,0.0,1.0,0.0,0.0,1.0,1.0,0.0,1.0,1.0,0.0,0.0,0.0,0.0,11,1,1,1,0,0,0
Missing,0.0,0.0,0.141209286962011,0.7338806567881458,1982-02-12,1982,/movies/?id=missing.htm,1.0,1.0,1.0,0.0,0.0,0.0,0.0,0.0,0.0,0.0,0.0,0.0,0.0,0.0,0.0,0.0,1.0,0.0,0.0,0.0,0.0,0.0,4,0,0,0,0,0,0
Terms of Endearment,3.0514029831893748,2.322021394319439,2.428732008286185,2.4062792877225867,1983-11-23,1983,/movies/?id=termsofendearment.htm,0.0,2.0,1.0,0.0,1.0,0.0,0.0,1.0,1.0,0.0,0.0,0.0,0.0,1.0,0.0,0.0,1.0,1.0,0.0,2.0,0.0,0.0,11,1,0,1,0,0,1
The Big Chill,0.5123850056344853,1.0770933234968645,1.7489362210179165,1.9493908153701969,1983-09-30,1983,/movies/?id=bigchill.htm,0.0,0.0,0.0,0.0,0.0,0.0,0.0,0.0,0.0,0.0,0.0,0.0,0.0,0.0,1.0,0.0,1.0,0.0,0.0,0.0,1.0,0.0,3,0,0,0,0,0,0
The Right Stuff,0.7716012816851263,1.1563998524529693,0.5223275626572359,0.5506091846298031,1983-10-21,1983,/movies/?id=rightstuff.htm,0.0,0.0,0.0,0.0,1.0,1.0,0.0,0.0,1.0,0.0,0.0,0.0,0.0,1.0,0.0,0.0,1.0,1.0,1.0,1.0,0.0,0.0,8,0,0,0,0,0,0
Tender Mercies,0.0,0.0,0.2812618130391874,0.0866916588566073,1983-03-04,1983,/movies/?id=tendermercies.htm,1.0,0.0,0.0,0.0,0.0,0.0,0.0,1.0,0.0,0.0,0.0,0.0,0.0,0.0,1.0,1.0,1.0,0.0,0.0,0.0,0.0,0.0,5,0,0,0,0,0,0
The Dresser,0.664610729491014,0.44448542973072663,0.018742394999474925,0.007029053420805998,1983-12-09,1983,/movies/?id=dresser.htm,2.0,0.0,1.0,0.0,0.0,0.0,0.0,1.0,0.0,0.0,0.0,0.0,0.0,0.0,0.0,0.0,1.0,0.0,0.0,0.0,0.0,0.0,5,0,0,0,0,0,0
Amadeus,1.1510126421814524,0.959402527767139,1.2423919671582422,0.7844932844932845,1984-09-21,1984,/movies/?id=amadeus.htm,2.0,0.0,1.0,0.0,1.0,1.0,1.0,1.0,1.0,0.0,1.0,0.0,0.0,0.0,0.0,0.0,1.0,1.0,0.0,0.0,0.0,0.0,11,1,0,1,0,0,1
Places in the Heart,0.29339724085573954,0.5093833780160858,1.509306174341094,1.3247863247863247,1984-09-21,1984,/movies/?id=placesintheheart.htm,0.0,1.0,0.0,0.0,0.0,0.0,1.0,1.0,0.0,0.0,0.0,0.0,0.0,0.0,1.0,0.0,1.0,0.0,0.0,1.0,1.0,0.0,7,0,0,0,0,0,0
The Killing Fields,2.051663806847007,1.269628494829567,0.5631777814094283,1.0119047619047619,1984-11-02,1984,/movies/?id=killingfields.htm,1.0,0.0,1.0,0.0,0.0,1.0,0.0,1.0,1.0,0.0,0.0,0.0,0.0,0.0,0.0,0.0,1.0,0.0,0.0,1.0,0.0,0.0,7,0,1,0,0,0,0
A Passage to India,1.4486220651226602,1.2447338184603598,0.652039091009351,0.992063492063492,1984-12-14,1984,/movies/?id=passagetoindia.htm,0.0,1.0,1.0,0.0,1.0,1.0,1.0,1.0,1.0,0.0,0.0,0.0,0.0,1.0,0.0,0.0,1.0,1.0,0.0,0.0,1.0,0.0,11,0,0,0,0,0,0
A Soldier's Story,0.05530424499314106,1.0168517809268478,1.0330849860818845,0.8867521367521367,1984-09-14,1984,/movies/?id=soldiersstory.htm,0.0,0.0,1.0,0.0,0.0,0.0,0.0,0.0,0.0,0.0,0.0,0.0,0.0,0.0,0.0,0.0,1.0,0.0,0.0,1.0,0.0,0.0,3,0,0,0,0,0,0
The Color Purple,3.1725328375477786,2.3676345004269854,1.1030124635072942,1.2877380399442637,1985-12-20,1985,/movies/?id=colorpurple.htm,0.0,1.0,1.0,0.0,1.0,1.0,1.0,0.0,0.0,0.0,1.0,0.0,0.0,1.0,0.0,1.0,1.0,0.0,0.0,0.0,2.0,0.0,11,0,0,1,0,0,0
Out of Africa,1.6270030370066693,2.3526900085397098,1.3199943098333726,1.2796098467254993,1985-12-20,1985,/movies/?id=outofafrica.htm,0.0,1.0,1.0,0.0,1.0,1.0,1.0,1.0,1.0,0.0,0.0,0.0,0.0,1.0,0.0,0.0,1.0,1.0,0.0,1.0,0.0,0.0,11,1,0,0,0,0,0
Witness,0.0,0.0,1.6316954867906677,1.3574082675336738,1985-02-08,1985,/movies/?id=witness.htm,1.0,0.0,0.0,0.0,1.0,1.0,0.0,1.0,1.0,0.0,0.0,0.0,0.0,1.0,1.0,0.0,1.0,0.0,0.0,0.0,0.0,0.0,8,0,0,0,0,0,0
Prizzi's Honor,0.0,0.0,0.6330793419640527,0.8383650719925685,1985-06-14,1985,/movies/?id=prizzishonor.htm,1.0,0.0,1.0,0.0,0.0,0.0,1.0,1.0,1.0,0.0,0.0,0.0,0.0,0.0,0.0,0.0,1.0,0.0,0.0,1.0,1.0,0.0,8,0,0,0,0,1,0
Kiss of the Spider Woman,0.20046412544555253,0.27967549103330486,0.31221839790461275,0.2368787738039944,1985-07-26,1985,/movies/?id=kissofthespiderwoman.htm,1.0,0.0,1.0,0.0,0.0,0.0,0.0,1.0,0.0,0.0,0.0,0.0,0.0,0.0,0.0,0.0,1.0,0.0,0.0,0.0,0.0,0.0,4,0,0,0,0,0,0
Platoon,4.154126958985956,2.6868756458835685,1.645500563104658,1.4567733151803948,1986-12-19,1986,/movies/?id=platoon.htm,0.0,0.0,0.0,0.0,0.0,1.0,0.0,1.0,1.0,0.0,0.0,0.0,0.0,0.0,1.0,0.0,1.0,1.0,0.0,2.0,0.0,0.0,8,1,0,1,0,0,1
Hannah and Her Sisters,0.0,0.0,1.4819796669301626,1.2950987066031314,1986-02-07,1986,/movies/?id=hannahandhersisters.htm,0.0,0.0,0.0,0.0,1.0,0.0,0.0,1.0,1.0,0.0,0.0,0.0,0.0,0.0,1.0,0.0,1.0,0.0,0.0,1.0,1.0,0.0,7,0,0,0,0,1,0
Children of a Lesser God,0.340116407829482,0.7974509128487771,0.9266969375915026,0.9257998638529612,1986-10-03,1986,/movies/?id=childrenofalessergod.htm,1.0,1.0,1.0,0.0,0.0,0.0,0.0,0.0,0.0,0.0,0.0,0.0,0.0,0.0,0.0,0.0,1.0,0.0,0.0,0.0,1.0,0.0,5,0,0,0,0,0,0
A Room with a View,0.16333554731609293,0.2583534274888047,0.48108497373608927,0.0799863852961198,1986-03-07,1986,/movies/?id=roomwithaview.htm,0.0,0.0,1.0,0.0,1.0,1.0,1.0,1.0,0.0,0.0,0.0,0.0,0.0,0.0,0.0,0.0,1.0,0.0,0.0,1.0,1.0,0.0,8,0,1,0,0,0,0
The Mission,0.3424210858684685,1.2573200137788494,0.46473785863758765,1.2423417290673928,1986-10-31,1986,/movies/?id=mission.htm,0.0,0.0,0.0,0.0,1.0,1.0,1.0,1.0,1.0,0.0,0.0,0.0,0.0,1.0,0.0,0.0,1.0,0.0,0.0,0.0,0.0,0.0,7,0,0,0,0,0,0
Fatal Attraction,0.6388056592763147,1.2288135593220337,3.211874749189428,1.8952922077922076,1987-09-18,1987,/movies/?id=fatalattraction.htm,0.0,1.0,1.0,0.0,0.0,0.0,0.0,1.0,1.0,0.0,0.0,0.0,0.0,0.0,0.0,0.0,1.0,0.0,0.0,0.0,1.0,0.0,6,0,0,0,0,0,0
Moonstruck,2.3649355363116564,1.559851694915254,0.5726283018485395,1.3325216450216448,1987-12-18,1987,/movies/?id=moonstruck.htm,0.0,1.0,0.0,0.0,0.0,0.0,0.0,1.0,0.0,0.0,0.0,0.0,0.0,0.0,1.0,0.0,1.0,0.0,0.0,1.0,1.0,0.0,6,0,0,0,0,0,0
Broadcast News,0.7695107739895825,1.1228813559322033,0.8286620808345423,1.147186147186147,1987-12-18,1987,/movies/?id=broadcastnews.htm,1.0,1.0,0.0,0.0,0.0,1.0,0.0,0.0,1.0,0.0,0.0,0.0,0.0,0.0,1.0,0.0,1.0,0.0,0.0,1.0,0.0,0.0,7,0,0,0,0,0,0
The Last Emperor,0.9202754447729866,0.6541313559322034,0.2688965610601902,0.5018939393939393,1987-11-20,1987,/movies/?id=lastemperor.htm,0.0,0.0,1.0,0.0,1.0,1.0,1.0,1.0,1.0,0.0,0.0,0.0,0.0,1.0,0.0,0.0,1.0,1.0,0.0,0.0,0.0,0.0,9,1,1,1,0,0,1
Hope and Glory,0.30647258564945973,0.43432203389830504,0.11793830706729991,0.1231060606060606,1987-10-16,1987,/movies/?id=hopeandglory.htm,0.0,0.0,0.0,0.0,1.0,1.0,0.0,1.0,0.0,0.0,0.0,0.0,0.0,0.0,1.0,0.0,1.0,0.0,0.0,0.0,0.0,0.0,5,0,0,0,0,1,0
Rain Man,2.3471820515799418,1.4790697674418605,2.5720270093796547,1.6153214212363936,1988-12-16,1988,/movies/?id=rainman.htm,1.0,0.0,0.0,0.0,1.0,1.0,0.0,1.0,1.0,0.0,0.0,0.0,0.0,1.0,1.0,0.0,1.0,0.0,0.0,0.0,0.0,0.0,8,1,0,1,0,0,1
Working Girl,0.7727523162401482,1.0539534883720931,1.1153597286652723,1.1799137399876771,1988-12-23,1988,/movies/?id=workinggirl.htm,0.0,1.0,0.0,0.0,0.0,0.0,0.0,1.0,0.0,0.0,0.0,0.0,0.0,0.0,0.0,1.0,1.0,0.0,0.0,0.0,2.0,0.0,6,0,0,0,0,1,0
Dangerous Liaisons,0.9640730749394458,0.7088372093023256,0.17729390619779092,0.12220168412405012,1988-12-23,1988,/movies/?id=dangerousliaisons.htm,0.0,1.0,1.0,0.0,1.0,0.0,1.0,0.0,0.0,0.0,0.0,0.0,0.0,1.0,0.0,0.0,1.0,0.0,0.0,0.0,1.0,0.0,7,0,0,0,0,0,0
Mississippi Burning,0.590159876345025,1.0548837209302326,0.493613078981902,1.1028958718422675,1988-12-09,1988,/movies/?id=mississippiburning.htm,1.0,0.0,0.0,0.0,0.0,1.0,0.0,1.0,1.0,0.0,0.0,0.0,0.0,0.0,0.0,0.0,1.0,1.0,0.0,0.0,1.0,0.0,7,0,0,0,0,0,0
The Accidental Tourist,0.32583268089543954,0.7032558139534884,0.6417062767753804,0.9796672828096119,1988-12-23,1988,/movies/?id=accidentaltourist.htm,0.0,0.0,1.0,0.0,0.0,0.0,0.0,0.0,0.0,0.0,0.0,0.0,0.0,1.0,0.0,0.0,1.0,0.0,0.0,0.0,1.0,0.0,4,0,0,0,0,0,0
Driving Miss Daisy,3.185839345017198,2.36676217765043,0.6866613564902018,1.3351107465135357,1989-12-15,1989,/movies/?id=drivingmissdaisy.htm,1.0,1.0,1.0,0.0,1.0,0.0,1.0,0.0,1.0,0.0,1.0,0.0,0.0,0.0,0.0,0.0,1.0,0.0,0.0,1.0,0.0,0.0,9,1,0,0,1,1,0
Dead Poets Society,0.0,0.0,1.958948724021308,1.137202625102543,1989-06-02,1989,/movies/?id=deadpoetssociety.htm,1.0,0.0,0.0,0.0,0.0,0.0,0.0,1.0,0.0,0.0,0.0,0.0,0.0,0.0,1.0,0.0,1.0,0.0,0.0,0.0,0.0,0.0,4,0,1,0,0,0,0
Born on the Fourth of July,1.2963608623584317,2.054441260744986,0.9944233746792127,1.3484413453650532,1989-12-22,1989,/movies/?id=bornonthefourthofjuly.htm,1.0,0.0,1.0,0.0,0.0,0.0,0.0,1.0,1.0,0.0,0.0,0.0,0.0,1.0,0.0,0.0,1.0,1.0,0.0,0.0,0.0,0.0,7,0,0,1,0,0,1
Field of Dreams,0.0,0.0,1.3166920179855552,1.1279737489745694,1989-04-21,1989,/movies/?id=fieldofdreams.htm,0.0,0.0,0.0,0.0,0.0,0.0,0.0,0.0,0.0,0.0,0.0,0.0,0.0,1.0,0.0,0.0,1.0,0.0,0.0,0.0,0.0,0.0,2,0,0,0,0,0,0
My Left Foot,0.5177997926243707,0.5787965616045845,0.043274526823722036,0.0512715340442986,1989-11-10,1989,/movies/?id=myleftfoot.htm,1.0,0.0,0.0,0.0,0.0,0.0,0.0,1.0,0.0,0.0,0.0,0.0,0.0,0.0,0.0,0.0,1.0,0.0,0.0,0.0,1.0,0.0,4,0,0,0,0,0,0
Ghost,0.27664294795936417,0.48741805878621275,2.330412143741681,1.1185710666328859,1990-07-13,1990,/movies/?id=ghost.htm,0.0,0.0,0.0,0.0,0.0,0.0,0.0,0.0,1.0,0.0,0.0,0.0,0.0,1.0,1.0,0.0,1.0,0.0,0.0,0.0,1.0,0.0,5,0,0,0,0,0,0
Dances with Wolves,3.100777545131899,1.7001480228378094,1.138658492062278,0.9804915125411705,1990-11-09,1990,/movies/?id=danceswithwolves.htm,1.0,0.0,1.0,0.0,1.0,1.0,1.0,1.0,1.0,0.0,0.0,0.0,0.0,1.0,0.0,0.0,1.0,1.0,0.0,1.0,1.0,0.0,12,1,0,1,1,0,0
The Godfather Part III,0.30384979524152594,0.7781772044829774,0.6820441000286815,1.2173802888269571,1990-12-25,1990,/movies/?id=godfather3.htm,0.0,0.0,0.0,0.0,1.0,1.0,0.0,1.0,1.0,0.0,0.0,0.0,0.0,0.0,0.0,1.0,1.0,0.0,0.0,1.0,0.0,0.0,7,0,0,0,0,0,0
Awakenings,1.0454908898085908,1.3935292873757665,0.40138323216329685,0.8424119584494553,1990-12-22,1990,/movies/?id=awakenings.htm,1.0,0.0,1.0,0.0,0.0,0.0,0.0,0.0,0.0,0.0,0.0,0.0,0.0,0.0,0.0,0.0,1.0,0.0,0.0,0.0,0.0,0.0,3,0,0,0,0,0,0
Goodfellas,0.2732388218586205,0.6407274265172341,0.447502032004062,0.8411451735495313,1990-09-19,1990,/movies/?id=goodfellas.htm,0.0,0.0,1.0,0.0,0.0,0.0,0.0,1.0,1.0,0.0,0.0,0.0,0.0,0.0,0.0,0.0,1.0,0.0,0.0,1.0,1.0,0.0,6,0,1,0,0,0,0
Beauty and the Beast,1.8921164102471266,1.3964999116139296,1.3537937905818016,1.2570548999486917,1991-11-15,1991,/movies/?id=beautyandthebeast.htm,0.0,0.0,0.0,0.0,0.0,0.0,0.0,0.0,0.0,0.0,0.0,0.0,0.0,1.0,0.0,3.0,1.0,1.0,0.0,0.0,0.0,0.0,6,0,0,0,0,1,0
The Silence of the Lambs,0.0,0.0,1.6606182680225436,1.0531041559774243,1991-02-14,1991,/movies/?id=silenceofthelambs.htm,1.0,1.0,1.0,0.0,0.0,0.0,0.0,1.0,1.0,0.0,0.0,0.0,0.0,0.0,0.0,0.0,1.0,1.0,0.0,0.0,0.0,0.0,7,1,0,1,1,0,0
The Prince of Tides,1.1954405932650642,1.3213717518119144,0.7536407092336269,0.99153412006157,1991-12-27,1991,/movies/?id=princeoftides.htm,1.0,0.0,1.0,0.0,1.0,1.0,0.0,0.0,0.0,0.0,0.0,0.0,0.0,1.0,0.0,0.0,1.0,0.0,0.0,0.0,1.0,0.0,7,0,0,0,0,0,0
JFK,1.025135386990358,1.194095810500265,0.7381164600797357,0.8946895844022575,1991-12-20,1991,/movies/?id=jfk.htm,0.0,0.0,1.0,0.0,0.0,1.0,0.0,1.0,1.0,0.0,0.0,0.0,0.0,1.0,0.0,0.0,1.0,1.0,0.0,1.0,0.0,0.0,8,0,0,0,0,0,0
Bugsy,0.8873076094974514,1.0880325260738906,0.49383077208229237,0.8036172396100564,1991-12-13,1991,/movies/?id=bugsy.htm,1.0,0.0,0.0,0.0,1.0,1.0,1.0,1.0,0.0,0.0,0.0,0.0,0.0,1.0,1.0,0.0,1.0,0.0,0.0,2.0,0.0,0.0,10,0,0,0,0,0,1
A Few Good Men,0.8104583233876029,1.5924972416329535,2.3798905152575904,1.8703263086335826,1992-12-11,1992,/movies/?id=fewgoodmen.htm,0.0,0.0,0.0,0.0,0.0,0.0,0.0,0.0,1.0,0.0,0.0,0.0,0.0,0.0,0.0,0.0,1.0,1.0,0.0,1.0,0.0,0.0,4,0,0,0,0,0,0
Unforgiven,0.43174145113845486,0.7447591026112542,1.492083206584052,1.7734534330387492,1992-08-07,1992,/movies/?id=unforgiven.htm,1.0,0.0,0.0,0.0,1.0,1.0,0.0,1.0,1.0,0.0,0.0,0.0,0.0,0.0,1.0,0.0,1.0,1.0,0.0,1.0,0.0,0.0,9,1,0,1,0,0,0
Scent of a Woman,1.0497270205025304,1.1511585141596177,0.6767842625703286,1.0639021074099253,1992-12-23,1992,/movies/?id=scentofawoman.htm,1.0,0.0,1.0,0.0,0.0,0.0,0.0,1.0,0.0,0.0,0.0,0.0,0.0,0.0,0.0,0.0,1.0,0.0,0.0,0.0,0.0,0.0,4,0,0,0,0,0,1
The Crying Game,1.9033299591207398,1.0086428834130197,0.27799813672610546,0.1843983684568321,1992-11-27,1992,/movies/?id=cryinggame.htm,1.0,0.0,0.0,0.0,0.0,0.0,0.0,1.0,1.0,0.0,0.0,0.0,0.0,0.0,1.0,0.0,1.0,0.0,0.0,1.0,0.0,0.0,6,0,0,0,1,0,0
Howards End,0.8047432458506718,0.5029422581831556,0.17324387886192363,0.10791978246091095,1992-03-13,1992,/movies/?id=howardsend.htm,0.0,1.0,1.0,0.0,1.0,1.0,1.0,1.0,0.0,0.0,0.0,0.0,0.0,1.0,0.0,0.0,1.0,0.0,0.0,0.0,1.0,0.0,9,0,1,0,0,0,0
The Fugitive,0.36149572024746607,1.3199163617354939,3.439951487958041,2.7525539160045405,1993-08-06,1993,/movies/?id=fugitive.htm,0.0,0.0,0.0,0.0,0.0,1.0,0.0,0.0,1.0,0.0,0.0,0.0,0.0,1.0,0.0,0.0,1.0,1.0,1.0,1.0,0.0,0.0,7,0,0,0,0,0,0
Schindler's List,2.5422512101244834,1.6283324621014112,0.5684393190654532,0.8671963677639046,1993-12-15,1993,/movies/?id=schindlerslist.htm,1.0,0.0,1.0,0.0,1.0,1.0,1.0,1.0,1.0,0.0,1.0,0.0,0.0,1.0,0.0,0.0,1.0,1.0,0.0,1.0,0.0,0.0,12,1,1,1,1,0,1
The Piano,0.7082299411920179,0.8768949294302143,0.4920268751899549,0.5936435868331441,1993-11-12,1993,/movies/?id=piano.htm,0.0,1.0,0.0,0.0,0.0,1.0,1.0,1.0,1.0,0.0,0.0,0.0,0.0,0.0,1.0,0.0,1.0,0.0,0.0,0.0,1.0,0.0,8,0,0,0,0,0,0
In the Name of the Father,1.1913409432382016,0.8991113434396236,0.12519423405829794,0.19977298524404086,1993-12-31,1993,/movies/?id=inthenameofthefather.htm,1.0,0.0,1.0,0.0,0.0,0.0,0.0,1.0,1.0,0.0,0.0,0.0,0.0,0.0,0.0,0.0,1.0,0.0,0.0,1.0,1.0,0.0,7,0,0,0,0,0,0
The Remains of the Day,0.1966821851978308,0.2757449032932566,0.37438808372825344,0.58683314415437,1993-11-05,1993,/movies/?id=remainsoftheday.htm,1.0,1.0,1.0,0.0,1.0,0.0,1.0,1.0,0.0,0.0,0.0,0.0,0.0,1.0,0.0,0.0,1.0,0.0,0.0,0.0,0.0,0.0,8,0,0,0,0,0,0
Forrest Gump,1.8213202844224352,1.5994854202401372,3.2088332895251024,1.7591490627789348,1994-07-06,1994,/movies/?id=forrestgump.htm,1.0,0.0,1.0,0.0,1.0,1.0,0.0,1.0,1.0,0.0,1.0,0.0,0.0,1.0,0.0,0.0,1.0,1.0,1.0,1.0,0.0,1.0,13,1,0,1,1,0,1
Pulp Fiction,2.049146334791922,1.622355631789594,0.8150349477286556,1.1112764058315976,1994-10-14,1994,/movies/?id=pulpfiction.htm,1.0,0.0,0.0,0.0,0.0,0.0,0.0,1.0,1.0,0.0,0.0,0.0,0.0,0.0,1.0,0.0,1.0,0.0,0.0,1.0,1.0,0.0,7,0,0,0,0,0,0
Four Weddings and a Funeral,0.0,0.0,0.5626337836874141,0.7951502529009223,1994-03-11,1994,/movies/?id=fourweddingsandafuneral.htm,0.0,0.0,0.0,0.0,0.0,0.0,0.0,0.0,0.0,0.0,0.0,0.0,0.0,0.0,1.0,0.0,1.0,0.0,0.0,0.0,0.0,0.0,2,0,1,0,0,0,0
The Shawshank Redemption,0.8711037378156296,1.1749571183533447,0.17916252978113992,0.7229991074085094,1994-09-23,1994,/movies/?id=shawshankredemption.htm,1.0,0.0,1.0,0.0,0.0,1.0,0.0,0.0,1.0,0.0,0.0,0.0,0.0,1.0,0.0,0.0,1.0,1.0,0.0,0.0,0.0,0.0,7,0,0,0,0,0,0
Quiz Show,0.25842964297001336,0.6032018296169239,0.23433544927768796,0.6114251710800357,1994-09-16,1994,/movies/?id=quizshow.htm,0.0,0.0,1.0,0.0,0.0,0.0,0.0,1.0,0.0,0.0,0.0,0.0,0.0,0.0,0.0,0.0,1.0,0.0,0.0,1.0,0.0,0.0,4,0,0,0,0,0,0
Apollo 13,0.0,0.0,2.5867164950422596,1.624896150650789,1995-06-30,1995,/movies/?id=apollo13.htm,0.0,0.0,1.0,0.0,1.0,0.0,0.0,0.0,1.0,0.0,0.0,0.0,1.0,0.0,0.0,0.0,1.0,1.0,0.0,1.0,1.0,1.0,9,0,0,1,1,0,0
Braveheart,1.0082451276746793,1.3928948294055574,1.0079131243901092,1.4102741622819164,1995-05-24,1995,/movies/?id=braveheart.htm,0.0,0.0,0.0,0.0,0.0,1.0,1.0,1.0,1.0,0.0,1.0,0.0,1.0,0.0,1.0,0.0,1.0,1.0,1.0,0.0,0.0,0.0,10,1,0,0,0,0,0
Babe,0.7427553573895194,0.9971860710517059,0.8744544534441409,1.2392689005815563,1995-08-04,1995,/movies/?id=babe.htm,0.0,0.0,1.0,0.0,1.0,0.0,0.0,1.0,1.0,0.0,0.0,0.0,0.0,0.0,0.0,0.0,1.0,0.0,0.0,1.0,0.0,1.0,7,0,0,0,0,1,0
Sense and Sensibility,2.33077523538463,1.853675694688709,0.3701347209464998,0.6590972029908612,1995-12-15,1995,/movies/?id=senseandsensibility.htm,0.0,1.0,1.0,0.0,0.0,1.0,1.0,0.0,0.0,0.0,0.0,0.0,1.0,0.0,0.0,0.0,1.0,0.0,0.0,0.0,1.0,0.0,7,0,1,0,0,0,1
Il Postino,0.918224279551171,0.7562434048540274,0.1607812061769904,0.06646358349487676,1995-06-16,1995,/movies/?id=ilpostino.htm,1.0,0.0,1.0,0.0,0.0,0.0,0.0,1.0,0.0,0.0,0.0,0.0,1.0,0.0,0.0,0.0,1.0,0.0,0.0,0.0,0.0,0.0,5,0,0,0,0,0,0
Jerry Maguire,1.657610986772918,2.1591908531222517,2.8933200188407344,2.7391774891774894,1996-12-13,1996,/movies/?id=jerrymaguire.htm,1.0,0.0,0.0,0.0,0.0,0.0,0.0,0.0,1.0,0.0,0.0,0.0,0.0,0.0,1.0,0.0,1.0,1.0,0.0,1.0,0.0,0.0,6,0,0,0,0,0,0
The English Patient,1.6230838645060017,1.3038698328935796,1.0077398965521722,1.1277056277056277,1996-11-15,1996,/movies/?id=englishpatient.htm,1.0,1.0,1.0,0.0,1.0,1.0,1.0,1.0,1.0,0.0,0.0,0.0,1.0,0.0,0.0,0.0,1.0,1.0,0.0,0.0,1.0,0.0,12,1,1,1,1,0,1
Shine,1.2552526148541514,1.154353562005277,0.3841227638051599,0.3398268398268398,1996-11-22,1996,/movies/?id=shine.htm,1.0,0.0,0.0,0.0,0.0,0.0,0.0,1.0,1.0,0.0,0.0,0.0,1.0,0.0,1.0,0.0,1.0,1.0,0.0,1.0,0.0,0.0,8,0,0,0,0,0,0
Fargo,0.013995677121860726,0.05716798592788039,0.5734868784348601,0.7748917748917749,1996-03-08,1996,/movies/?id=fargo.htm,0.0,1.0,0.0,0.0,0.0,1.0,0.0,1.0,1.0,0.0,0.0,0.0,0.0,0.0,1.0,0.0,1.0,1.0,0.0,1.0,0.0,0.0,8,0,0,0,0,0,0
Secrets & Lies,0.45005685674506785,0.3254177660510114,0.14133044236707282,0.0183982683982684,1996-09-28,1996,/movies/?id=secretsandlies.htm,0.0,1.0,0.0,0.0,0.0,0.0,0.0,1.0,0.0,0.0,0.0,0.0,0.0,0.0,1.0,0.0,1.0,0.0,0.0,0.0,1.0,0.0,5,0,0,0,0,0,0
Titanic,3.006368482971217,1.831156824222813,2.925901006727263,1.5865178188063547,1997-12-19,1997,/movies/?id=titanic.htm,0.0,1.0,0.0,0.0,1.0,1.0,1.0,1.0,1.0,0.0,1.0,0.0,1.0,0.0,0.0,1.0,1.0,1.0,1.0,0.0,1.0,1.0,14,1,0,1,1,0,1
As Good as It Gets,0.6395192995912583,1.0614815670865596,0.8002358780036221,0.9633963074280807,1997-12-23,1997,/movies/?id=asgoodasitgets.htm,1.0,1.0,0.0,0.0,0.0,0.0,0.0,0.0,1.0,0.0,0.0,1.0,0.0,0.0,1.0,0.0,1.0,0.0,0.0,1.0,0.0,0.0,7,0,0,0,0,1,0
Good Will Hunting,0.9051832914593778,1.2729689125158905,0.5948822239433226,1.1576857020180336,1997-12-05,1997,/movies/?id=goodwillhunting.htm,1.0,0.0,0.0,0.0,0.0,0.0,0.0,1.0,1.0,0.0,0.0,0.0,1.0,0.0,1.0,1.0,1.0,0.0,0.0,1.0,1.0,0.0,9,0,0,0,0,0,0
L.A. Confidential,0.3439808799123584,0.49635964405408534,0.3432755359466545,0.872155431515672,1997-09-19,1997,/movies/?id=laconfidential.htm,0.0,0.0,1.0,0.0,1.0,1.0,0.0,1.0,1.0,0.0,0.0,0.0,1.0,0.0,0.0,0.0,1.0,1.0,0.0,0.0,1.0,0.0,9,0,0,0,0,0,0
The Full Monty,0.10494804606578857,0.3380330521206518,0.33570535537913815,0.42024474023185915,1997-08-15,1997,/movies/?id=fullmonty.htm,0.0,0.0,0.0,0.0,0.0,0.0,0.0,1.0,0.0,0.0,0.0,1.0,0.0,0.0,1.0,0.0,1.0,0.0,0.0,0.0,0.0,0.0,4,0,1,0,0,0,0
Saving Private Ryan,0.9409727670942335,0.9306122448979591,3.227467385362485,2.3083881578947367,1998-07-24,1998,/movies/?id=savingprivateryan.htm,1.0,0.0,0.0,0.0,1.0,1.0,0.0,1.0,1.0,0.0,1.0,0.0,1.0,0.0,1.0,0.0,1.0,1.0,1.0,0.0,0.0,0.0,11,0,0,1,1,0,1
Shakespeare in Love,2.255867272451136,1.6571428571428573,0.6051527093948409,0.6850328947368421,1998-12-11,1998,/movies/?id=shakespeareinlove.htm,0.0,1.0,0.0,0.0,1.0,1.0,1.0,1.0,1.0,0.0,1.0,1.0,0.0,0.0,1.0,0.0,1.0,1.0,0.0,1.0,1.0,0.0,13,1,1,0,0,1,0
Life Is Beautiful,1.0775650330674422,0.5591836734693878,0.3060864408595898,0.1875,1998-10-23,1998,/movies/?id=lifeisbeautiful.htm,1.0,0.0,0.0,0.0,0.0,0.0,0.0,1.0,1.0,1.0,0.0,0.0,1.0,0.0,1.0,0.0,1.0,0.0,0.0,0.0,0.0,0.0,7,0,0,0,0,0,0
The Thin Red Line,0.327728712705129,1.343673469387755,0.507055405974435,1.3626644736842106,1998-12-25,1998,/movies/?id=thinredline.htm,0.0,0.0,1.0,0.0,0.0,1.0,0.0,1.0,1.0,0.0,0.0,0.0,1.0,0.0,0.0,0.0,1.0,1.0,0.0,0.0,0.0,0.0,7,0,0,0,0,0,0
Elizabeth ,0.3978662146820589,0.5093877551020408,0.3542380584086497,0.4564144736842105,1998-11-06,1998,/movies/?id=elizabeth .htm,0.0,1.0,0.0,0.0,1.0,1.0,1.0,0.0,0.0,0.0,1.0,0.0,1.0,0.0,0.0,0.0,1.0,0.0,0.0,0.0,0.0,0.0,7,0,0,0,0,0,0
The Sixth Sense,0.6536725446303345,0.6722689075630253,2.6716567644483984,1.419585346215781,1999-08-06,1999,/movies/?id=sixthsense.htm,0.0,0.0,0.0,0.0,0.0,0.0,0.0,1.0,1.0,0.0,0.0,0.0,0.0,0.0,1.0,0.0,1.0,0.0,0.0,1.0,1.0,0.0,6,0,0,0,0,0,0
The Green Mile,0.7940088139693632,1.5824071564109516,1.1574816566085475,1.4467592592592593,1999-12-10,1999,/movies/?id=greenmile.htm,1.0,0.0,1.0,0.0,0.0,0.0,0.0,0.0,0.0,0.0,0.0,0.0,0.0,0.0,0.0,0.0,1.0,1.0,0.0,0.0,0.0,0.0,4,0,0,0,0,0,0
American Beauty,1.8586873151348926,1.1263214963404717,0.7166583445015096,0.7815016103059581,1999-09-15,1999,/movies/?id=americanbeauty.htm,1.0,1.0,0.0,0.0,0.0,1.0,0.0,1.0,1.0,0.0,0.0,0.0,0.0,1.0,1.0,0.0,1.0,0.0,0.0,0.0,0.0,0.0,8,1,1,1,1,0,1
The Cider House Rules,1.5901488402691868,1.1778259690973165,0.19894039701645885,0.4242149758454106,1999-12-10,1999,/movies/?id=ciderhouserules.htm,0.0,0.0,1.0,0.0,1.0,0.0,0.0,1.0,1.0,0.0,0.0,0.0,0.0,1.0,0.0,0.0,1.0,0.0,0.0,1.0,0.0,0.0,7,0,0,0,0,0,0
The Insider,0.10348248599622246,0.44117647058823534,0.2552628374250858,0.927938808373591,1999-11-05,1999,/movies/?id=insider.htm,1.0,0.0,1.0,0.0,0.0,1.0,0.0,1.0,1.0,0.0,0.0,0.0,0.0,0.0,0.0,0.0,1.0,1.0,0.0,0.0,0.0,0.0,7,0,0,0,0,0,0
Gladiator,0.01123952383120998,0.03564597461311076,1.9799443838329276,1.5319557904853436,2000-05-05,2000,/movies/?id=gladiator.htm,1.0,0.0,0.0,0.0,1.0,1.0,1.0,1.0,1.0,0.0,0.0,0.0,0.0,1.0,1.0,0.0,1.0,1.0,0.0,1.0,0.0,1.0,12,1,1,0,1,0,1
"Crouching Tiger, Hidden Dragon",1.963934316296128,1.762302208311598,0.644728311112134,0.5785679961556944,2000-12-08,2000,/movies/?id=crouchingtigerhiddendragon.htm,0.0,0.0,1.0,0.0,1.0,1.0,1.0,1.0,1.0,1.0,0.0,0.0,0.0,1.0,0.0,1.0,1.0,0.0,0.0,0.0,0.0,0.0,10,0,0,1,0,0,0
Erin Brockovich,0.0,0.0,1.332573021179455,1.4752522825564633,2000-03-17,2000,/movies/?id=erinbrockovich.htm,0.0,1.0,0.0,0.0,0.0,0.0,0.0,1.0,0.0,0.0,0.0,0.0,0.0,0.0,1.0,0.0,1.0,0.0,0.0,1.0,0.0,0.0,5,0,0,0,0,0,0
Traffic,1.574739515481171,1.5258215962441315,0.7555222480689483,0.8361364728495916,2000-12-27,2000,/movies/?id=traffic.htm,0.0,0.0,1.0,0.0,0.0,0.0,0.0,1.0,1.0,0.0,0.0,0.0,0.0,0.0,0.0,0.0,1.0,0.0,0.0,1.0,0.0,0.0,5,0,0,0,0,0,0
Chocolat,1.4500866443914913,1.6762302208311597,0.28723203580653456,0.5780874579529073,2000-12-15,2000,/movies/?id=chocolat.htm,0.0,1.0,1.0,0.0,0.0,0.0,0.0,0.0,0.0,0.0,0.0,0.0,0.0,1.0,0.0,0.0,1.0,0.0,0.0,0.0,1.0,0.0,5,0,0,0,0,0,0
The Lord of the Rings: The Fellowship of the Ring,1.329167140691231,1.4207195203197869,2.804858025626858,1.781912090228734,2001-12-19,2001,/movies/?id=fellowshipofthering.htm,0.0,0.0,1.0,0.0,1.0,1.0,1.0,1.0,1.0,0.0,1.0,0.0,0.0,1.0,0.0,1.0,1.0,1.0,0.0,1.0,0.0,1.0,13,0,1,0,0,0,0
A Beautiful Mind,2.107912175361038,1.848767488341106,1.1739106357853752,1.1858332454938336,2001-12-21,2001,/movies/?id=beautifulmind.htm,1.0,0.0,1.0,0.0,0.0,0.0,0.0,1.0,1.0,0.0,1.0,0.0,0.0,1.0,0.0,0.0,1.0,0.0,0.0,0.0,1.0,0.0,8,1,0,1,0,0,1
Moulin Rouge!,0.010874647915941234,0.04746835443037975,0.5898747999304529,1.203225466427743,2001-05-18,2001,/movies/?id=moulinrouge.htm,0.0,1.0,0.0,0.0,1.0,1.0,1.0,0.0,1.0,0.0,1.0,0.0,0.0,0.0,0.0,0.0,1.0,1.0,0.0,0.0,0.0,0.0,8,0,0,0,1,1,0
Gosford Park,0.7964896969475614,0.7644903397734844,0.2298650809776864,0.44060293032570885,2001-12-26,2001,/movies/?id=gosfordpark.htm,0.0,0.0,0.0,0.0,1.0,0.0,1.0,1.0,0.0,0.0,0.0,0.0,0.0,0.0,1.0,0.0,1.0,0.0,0.0,0.0,2.0,0.0,7,0,0,0,0,0,0
In the Bedroom,0.7555563390842281,0.9185542971352432,0.20149145767962742,0.3884262675239802,2001-11-23,2001,/movies/?id=inthebedroom.htm,1.0,1.0,1.0,0.0,0.0,0.0,0.0,0.0,0.0,0.0,0.0,0.0,0.0,0.0,0.0,0.0,1.0,0.0,0.0,0.0,1.0,0.0,5,0,0,0,0,0,0
The Lord of the Rings: The Two Towers,0.5801192334806693,1.1402198995520565,3.2979342074227183,2.0864055299539173,2002-12-18,2002,/movies/?id=twotowers.htm,0.0,0.0,0.0,0.0,1.0,0.0,0.0,0.0,1.0,0.0,0.0,0.0,0.0,0.0,0.0,0.0,1.0,1.0,1.0,0.0,0.0,1.0,6,0,0,0,0,0,0
Chicago,2.9397077900940105,1.7646260350210397,0.6631907458873484,1.060483870967742,2002-12-27,2002,/movies/?id=chicago.htm,0.0,1.0,1.0,0.0,1.0,1.0,1.0,1.0,1.0,0.0,0.0,0.0,0.0,0.0,0.0,1.0,1.0,1.0,0.0,1.0,2.0,0.0,13,1,0,1,1,1,0
Gangs of New York,0.2926458689598344,1.0200895887063932,0.7200943039229469,1.347926267281106,2002-12-20,2002,/movies/?id=gangsofnewyork.htm,1.0,0.0,0.0,0.0,1.0,1.0,1.0,1.0,1.0,0.0,0.0,0.0,0.0,0.0,1.0,1.0,1.0,1.0,0.0,0.0,0.0,0.0,10,0,0,0,0,0,0
The Hours,0.7198715892427079,0.6854893443735577,0.22476553225498835,0.3162442396313364,2002-12-27,2002,/movies/?id=hours.htm,0.0,1.0,1.0,0.0,0.0,0.0,1.0,1.0,1.0,0.0,0.0,0.0,0.0,1.0,0.0,0.0,1.0,0.0,0.0,1.0,1.0,0.0,9,0,0,0,0,0,1
The Pianist,0.46765551822277807,0.3895751323469526,0.09401521051199788,0.1889400921658986,2002-12-25,2002,/movies/?id=pianist.htm,1.0,0.0,1.0,0.0,0.0,1.0,1.0,1.0,1.0,0.0,0.0,0.0,0.0,0.0,0.0,0.0,1.0,0.0,0.0,0.0,0.0,0.0,7,0,1,0,0,0,0
The Lord of the Rings: The Return of the King,1.9759044369814887,2.231332868108862,2.6522007013116293,1.5637668918918919,2003-12-17,2003,/movies/?id=returnoftheking.htm,0.0,0.0,1.0,0.0,1.0,0.0,1.0,1.0,1.0,0.0,1.0,0.0,0.0,1.0,0.0,1.0,1.0,1.0,0.0,0.0,0.0,1.0,11,1,1,1,1,0,1
Seabiscuit,0.0035514842229147038,0.047103977669225396,0.9424645000069662,1.086570945945946,2003-07-25,2003,/movies/?id=seabiscuit.htm,0.0,0.0,1.0,0.0,1.0,1.0,1.0,0.0,1.0,0.0,0.0,0.0,0.0,0.0,0.0,0.0,1.0,1.0,0.0,0.0,0.0,0.0,7,0,0,0,0,0,0
Master and Commander: The Far Side of the World,0.5552990935495907,0.9752267969295184,0.6688595878396254,1.3095439189189189,2003-11-14,2003,/movies/?id=masterandcommander.htm,0.0,0.0,0.0,0.0,1.0,1.0,1.0,1.0,1.0,0.0,1.0,0.0,0.0,0.0,0.0,0.0,1.0,1.0,1.0,0.0,0.0,1.0,10,0,0,0,0,0,0
Mystic River,1.7727254200335483,1.1950453593859036,0.46338005235050317,0.667652027027027,2003-10-08,2003,/movies/?id=mysticriver.htm,1.0,0.0,1.0,0.0,0.0,0.0,0.0,1.0,0.0,0.0,0.0,0.0,0.0,0.0,0.0,0.0,1.0,0.0,0.0,1.0,1.0,0.0,6,0,0,0,0,0,0
Lost in Translation,0.6925195652124576,0.5512909979064898,0.27309515849127564,0.37246621621621623,2003-09-12,2003,/movies/?id=lostintranslation.htm,1.0,0.0,0.0,0.0,0.0,0.0,0.0,1.0,0.0,0.0,0.0,0.0,0.0,0.0,1.0,0.0,1.0,0.0,0.0,0.0,0.0,0.0,4,0,0,0,0,1,0
The Aviator,1.259754056746447,1.5099068990212463,1.4247144802974452,1.6979573445479124,2004-12-17,2004,/movies/?id=aviator.htm,1.0,0.0,0.0,0.0,1.0,1.0,1.0,1.0,1.0,0.0,0.0,0.0,0.0,0.0,1.0,0.0,1.0,1.0,0.0,1.0,1.0,0.0,11,0,1,0,1,0,1
Million Dollar Baby,2.017993932245516,1.2682024349486751,0.2071094999800713,0.11039351156503455,2004-12-15,2004,/movies/?id=milliondollarbaby.htm,1.0,1.0,1.0,0.0,0.0,0.0,0.0,1.0,1.0,0.0,0.0,0.0,0.0,0.0,0.0,0.0,1.0,0.0,0.0,1.0,0.0,0.0,7,1,0,1,0,0,0
Ray,0.07175509612587368,0.3139174027214132,1.7807609003195426,1.85791528987684,2004-10-29,2004,/movies/?id=ray.htm,1.0,0.0,0.0,0.0,0.0,0.0,1.0,1.0,1.0,0.0,0.0,0.0,0.0,0.0,0.0,0.0,1.0,1.0,0.0,0.0,0.0,0.0,6,0,0,0,0,0,0
Sideways,1.1006597621412224,1.0658868465027453,0.7902502663715302,0.5249324121357766,2004-10-22,2004,/movies/?id=sideways.htm,0.0,0.0,1.0,0.0,0.0,0.0,0.0,1.0,0.0,0.0,0.0,0.0,0.0,0.0,0.0,0.0,1.0,0.0,0.0,1.0,1.0,0.0,5,0,0,0,0,1,0
Finding Neverland,0.5498371527409407,0.8420864168059203,0.7971648530314108,0.8088014418744368,2004-11-12,2004,/movies/?id=findingneverland.htm,1.0,0.0,1.0,0.0,1.0,0.0,1.0,0.0,1.0,0.0,0.0,0.0,0.0,1.0,0.0,0.0,1.0,0.0,0.0,0.0,0.0,0.0,7,0,0,0,0,0,0
Brokeback Mountain,2.762857497930263,1.931397928994083,1.385472359056581,1.3321520618556701,2005-12-09,2005,/movies/?id=brokebackmountain.htm,1.0,0.0,1.0,0.0,0.0,1.0,0.0,1.0,0.0,0.0,0.0,0.0,0.0,1.0,0.0,0.0,1.0,0.0,0.0,1.0,1.0,0.0,8,0,1,1,1,0,1
Crash,0.0,0.0,1.4325440037555663,1.5343105670103094,2005-05-06,2005,/movies/?id=crash05.htm,0.0,0.0,0.0,0.0,0.0,0.0,0.0,1.0,1.0,0.0,0.0,0.0,0.0,0.0,1.0,1.0,1.0,0.0,0.0,1.0,0.0,0.0,6,1,0,0,0,0,0
Munich,0.6042763596754945,1.064164201183432,1.0939019140935033,1.206507731958763,2005-12-23,2005,/movies/?id=munich.htm,0.0,0.0,1.0,0.0,0.0,0.0,0.0,1.0,1.0,0.0,0.0,0.0,0.0,1.0,0.0,0.0,1.0,0.0,0.0,0.0,0.0,0.0,5,0,0,0,0,0,0
"Good Night, and Good Luck.",0.6115753169992155,0.8589127218934912,0.6746354458754775,0.6467461340206186,2005-10-07,2005,/movies/?id=goodnightandgoodluck.htm,1.0,0.0,0.0,0.0,1.0,1.0,0.0,1.0,0.0,0.0,0.0,0.0,0.0,0.0,1.0,0.0,1.0,0.0,0.0,0.0,0.0,0.0,6,0,0,0,0,0,0
Capote,1.0212908253950268,1.145525147928994,0.41344627721887195,0.2802835051546392,2005-09-30,2005,/movies/?id=capote.htm,1.0,0.0,1.0,0.0,0.0,0.0,0.0,1.0,0.0,0.0,0.0,0.0,0.0,0.0,0.0,0.0,1.0,0.0,0.0,0.0,1.0,0.0,5,0,0,0,0,0,0
The Departed,1.0580957535185538,1.378296338455701,2.49856043864466,1.9300153531218014,2006-10-06,2006,/movies/?id=departed.htm,0.0,0.0,1.0,0.0,0.0,0.0,0.0,1.0,1.0,0.0,0.0,0.0,0.0,0.0,0.0,0.0,1.0,0.0,0.0,1.0,0.0,0.0,5,1,0,1,0,0,0
Little Miss Sunshine,0.02493927355696388,0.09201290077784101,1.2229435961307904,1.02482088024565,2006-07-26,2006,/movies/?id=littlemisssunshine.htm,0.0,0.0,0.0,0.0,0.0,0.0,0.0,0.0,0.0,0.0,0.0,0.0,0.0,0.0,1.0,0.0,1.0,0.0,0.0,1.0,1.0,0.0,4,0,0,0,1,0,0
The Queen,1.7893214116120961,1.7548852210206791,0.7360487336988282,1.0145854657113613,2006-09-30,2006,/movies/?id=queen.htm,0.0,1.0,0.0,0.0,0.0,0.0,1.0,1.0,0.0,0.0,0.0,0.0,0.0,1.0,1.0,0.0,1.0,0.0,0.0,0.0,0.0,0.0,6,0,1,0,0,0,0
Babel,1.0494579105470803,1.033959400493265,0.4891997448249472,0.800281473899693,2006-10-27,2006,/movies/?id=babel.htm,0.0,0.0,0.0,0.0,0.0,0.0,0.0,1.0,1.0,0.0,0.0,0.0,0.0,1.0,1.0,0.0,1.0,0.0,0.0,0.0,2.0,0.0,7,0,0,0,0,0,1
Letters from Iwo Jima,1.0781856507653058,0.7408461392525137,0.053247486700774414,0.23029682702149437,2006-12-20,2006,/movies/?id=lettersfromiwojima.htm,0.0,0.0,0.0,0.0,0.0,0.0,0.0,1.0,0.0,0.0,0.0,0.0,0.0,0.0,1.0,0.0,1.0,0.0,1.0,0.0,0.0,0.0,4,0,0,0,0,0,0
Juno,1.952162622279601,1.5979316433345945,2.009137599024164,1.5551736835645023,2007-12-05,2007,/movies/?id=juno.htm,0.0,1.0,0.0,0.0,0.0,0.0,0.0,1.0,0.0,0.0,0.0,0.0,0.0,0.0,1.0,0.0,1.0,0.0,0.0,0.0,0.0,0.0,4,0,0,0,0,0,0
No Country for Old Men,0.6932957758010052,0.802749400933283,1.128062470238135,0.827298392046152,2007-11-09,2007,/movies/?id=nocountryforoldmen.htm,0.0,0.0,1.0,0.0,0.0,1.0,0.0,1.0,1.0,0.0,0.0,0.0,0.0,0.0,0.0,0.0,1.0,1.0,1.0,1.0,0.0,0.0,8,1,0,1,1,0,0
Atonement,0.7539386996007725,0.8828351620633119,0.7532755526185159,0.7923161900085921,2007-12-07,2007,/movies/?id=atonement.htm,0.0,0.0,1.0,0.0,1.0,1.0,1.0,0.0,0.0,0.0,0.0,0.0,0.0,1.0,0.0,0.0,1.0,0.0,0.0,0.0,1.0,0.0,7,0,1,0,0,0,1
Michael Clayton,0.41073223819078386,0.6949173918526926,0.9089021985612432,1.5864735485454768,2007-10-05,2007,/movies/?id=michaelclayton.htm,1.0,0.0,0.0,0.0,0.0,0.0,0.0,1.0,0.0,0.0,0.0,0.0,0.0,1.0,1.0,0.0,1.0,0.0,0.0,1.0,1.0,0.0,7,0,0,0,0,0,0
There Will Be Blood,1.1898706641278372,1.0215664018161181,0.2006221795579421,0.23873818583527678,2007-12-26,2007,/movies/?id=therewillbeblood.htm,1.0,0.0,1.0,0.0,1.0,1.0,0.0,1.0,1.0,0.0,0.0,0.0,0.0,0.0,0.0,0.0,1.0,0.0,1.0,0.0,0.0,0.0,8,0,0,0,0,0,0
Slumdog Millionaire,2.5696370022084203,1.4967982924226253,1.1973811203309646,0.6573875802997858,2008-11-12,2008,/movies/?id=slumdogmillionaire.htm,0.0,0.0,1.0,0.0,0.0,1.0,0.0,1.0,1.0,0.0,0.0,0.0,0.0,1.0,0.0,2.0,1.0,1.0,1.0,0.0,0.0,0.0,10,1,1,1,1,0,1
The Curious Case of Benjamin Button,0.9495679012877933,1.5094717182497333,2.795531402417089,3.1991434689507496,2008-12-25,2008,/movies/?id=curiouscaseofbenjaminbutton.htm,1.0,0.0,1.0,0.0,1.0,1.0,1.0,1.0,1.0,0.0,1.0,0.0,0.0,1.0,0.0,0.0,1.0,1.0,0.0,0.0,1.0,1.0,13,0,0,0,0,0,0
The Reader,0.7161350065248567,0.6683564567769477,0.21589701867632113,0.5428265524625268,2008-12-10,2008,/movies/?id=reader.htm,0.0,1.0,1.0,0.0,0.0,1.0,0.0,1.0,0.0,0.0,0.0,0.0,0.0,0.0,0.0,0.0,1.0,0.0,0.0,0.0,0.0,0.0,5,0,0,0,0,0,0
Milk,0.35758658189382664,0.5883137673425827,0.5531512161450762,0.3811563169164882,2008-11-26,2008,/movies/?id=milk.htm,1.0,0.0,0.0,0.0,0.0,0.0,1.0,1.0,1.0,0.0,0.0,0.0,0.0,1.0,1.0,0.0,1.0,0.0,0.0,1.0,0.0,0.0,8,0,0,0,0,0,0
Frost/Nixon,0.4070735080851028,0.737059765208111,0.2380392424305487,0.21948608137044967,2008-12-05,2008,/movies/?id=frostnixon.htm,1.0,0.0,1.0,0.0,0.0,0.0,0.0,1.0,1.0,0.0,0.0,0.0,0.0,0.0,0.0,0.0,1.0,0.0,0.0,0.0,0.0,0.0,5,0,0,0,0,0,0
Avatar,8.078981546691175,3.805397375588017,3.9490297434270425,1.6003144217875804,2009-12-18,2009,/movies/?id=avatar.htm,0.0,0.0,0.0,0.0,1.0,1.0,0.0,1.0,1.0,0.0,0.0,0.0,0.0,1.0,0.0,0.0,1.0,1.0,1.0,0.0,0.0,1.0,9,0,0,0,0,0,1
Up,0.0,0.0,1.9334552371633718,1.7968280390252926,2009-05-29,2009,/movies/?id=up.htm,0.0,0.0,0.0,1.0,0.0,0.0,0.0,0.0,0.0,0.0,0.0,0.0,0.0,1.0,1.0,0.0,1.0,0.0,1.0,0.0,0.0,0.0,5,0,0,0,0,0,0
The Blind Side,0.8151363898162738,2.167615746471899,1.5714357362348563,1.5753456327738475,2009-11-20,2009,/movies/?id=blindside.htm,0.0,1.0,0.0,0.0,0.0,0.0,0.0,0.0,0.0,0.0,0.0,0.0,0.0,0.0,0.0,0.0,1.0,0.0,0.0,0.0,0.0,0.0,2,0,0,0,0,0,0
Inglourious Basterds,0.0,0.0,0.7954156052266491,1.5526887686687938,2009-08-21,2009,/movies/?id=inglouriousbasterds.htm,0.0,0.0,0.0,0.0,0.0,1.0,0.0,1.0,1.0,0.0,0.0,0.0,0.0,0.0,1.0,0.0,1.0,1.0,1.0,1.0,0.0,0.0,8,0,0,0,0,0,0
District 9,0.0,0.0,0.7631182289920495,1.4703842419198225,2009-08-14,2009,/movies/?id=district9.htm,0.0,0.0,1.0,0.0,0.0,0.0,0.0,0.0,1.0,0.0,0.0,0.0,0.0,0.0,0.0,0.0,1.0,0.0,0.0,0.0,0.0,1.0,4,0,0,0,0,0,0
Up in the Air,0.630694240561962,1.9150779896013865,0.48484238002383756,1.0255698894899894,2009-12-04,2009,/movies/?id=upintheair.htm,1.0,0.0,1.0,0.0,0.0,0.0,0.0,1.0,0.0,0.0,0.0,0.0,0.0,0.0,0.0,0.0,1.0,0.0,0.0,0.0,2.0,0.0,6,0,0,0,0,0,0
"Precious: Based on the Novel ""Push"" by Sapphire",0.1273938989057922,0.8281752909135925,0.3000406828173982,0.46377213668100065,2009-11-06,2009,/movies/?id=preciouspush.htm,0.0,1.0,1.0,0.0,0.0,0.0,0.0,1.0,1.0,0.0,0.0,0.0,0.0,0.0,0.0,0.0,1.0,0.0,0.0,0.0,1.0,0.0,6,0,0,0,0,0,0
The Hurt Locker,0.134185950943006,0.339192869522159,0.08361319507697162,0.24737596522864938,2009-06-26,2009,/movies/?id=hurtlocker.htm,1.0,0.0,0.0,0.0,0.0,1.0,0.0,1.0,1.0,0.0,0.0,0.0,0.0,1.0,1.0,0.0,1.0,1.0,1.0,0.0,0.0,0.0,9,1,1,1,1,0,0
An Education,0.21360797308179144,0.9445407279029463,0.05815104686617342,0.14657603921024645,2009-10-09,2009,/movies/?id=aneducation.htm,0.0,1.0,1.0,0.0,0.0,0.0,0.0,0.0,0.0,0.0,0.0,0.0,0.0,0.0,0.0,0.0,1.0,0.0,0.0,0.0,0.0,0.0,3,0,0,0,0,0,0
A Serious Man,0.0,0.0,0.06089814417164985,0.12114486521477784,2009-10-02,2009,/movies/?id=seriousman.htm,0.0,0.0,0.0,0.0,0.0,0.0,0.0,0.0,0.0,0.0,0.0,0.0,0.0,0.0,1.0,0.0,1.0,0.0,0.0,0.0,0.0,0.0,2,0,0,0,0,0,0
Toy Story 3,0.0,0.0,3.4739650538376425,1.798696079306957,2010-06-18,2010,/movies/?id=toystory3.htm,0.0,0.0,1.0,1.0,0.0,0.0,0.0,0.0,0.0,0.0,0.0,0.0,0.0,0.0,0.0,1.0,1.0,0.0,1.0,0.0,0.0,0.0,5,0,0,0,0,0,0
Inception,0.0,0.0,2.4491265669328697,1.6933107082254175,2010-07-16,2010,/movies/?id=inception.htm,0.0,0.0,0.0,0.0,1.0,1.0,0.0,0.0,0.0,0.0,0.0,0.0,0.0,1.0,1.0,0.0,1.0,1.0,1.0,0.0,0.0,1.0,8,0,0,0,0,0,0
True Grit,2.194788036797301,2.847279302975506,1.1594307999467628,1.5468429043493792,2010-12-22,2010,/movies/?id=truegrit2010.htm,1.0,0.0,1.0,0.0,1.0,1.0,1.0,1.0,0.0,0.0,0.0,0.0,0.0,0.0,0.0,0.0,1.0,1.0,1.0,0.0,1.0,0.0,10,0,0,0,0,0,0
The King's Speech,4.3153067147038655,2.123951997369719,0.48508827871312304,0.750200946682147,2010-11-26,2010,/movies/?id=kingsspeech.htm,1.0,0.0,0.0,0.0,1.0,1.0,1.0,1.0,1.0,0.0,0.0,0.0,0.0,1.0,1.0,0.0,1.0,1.0,0.0,1.0,1.0,0.0,12,1,1,1,1,0,0
Black Swan,1.5208220851893497,1.9784645734012825,0.700990558514388,1.0748414753951951,2010-12-03,2010,/movies/?id=blackswan.htm,0.0,1.0,0.0,0.0,0.0,1.0,0.0,1.0,1.0,0.0,0.0,0.0,0.0,0.0,0.0,0.0,1.0,0.0,0.0,0.0,0.0,0.0,5,0,0,0,0,0,0
The Social Network,0.11315901523752235,0.31645569620253167,0.7989359261341924,1.3043672412253282,2010-10-01,2010,/movies/?id=socialnetwork.htm,1.0,0.0,1.0,0.0,0.0,1.0,0.0,1.0,1.0,0.0,0.0,0.0,0.0,1.0,0.0,0.0,1.0,1.0,0.0,0.0,0.0,0.0,8,0,0,0,0,0,1
The Fighter,1.3317043665694603,1.8699654775604144,0.6110835752625072,1.131553094578905,2010-12-10,2010,/movies/?id=fighter10.htm,0.0,0.0,0.0,0.0,0.0,0.0,0.0,1.0,1.0,0.0,0.0,0.0,0.0,0.0,1.0,0.0,1.0,0.0,0.0,1.0,2.0,0.0,7,0,0,0,0,0,0
The Kids Are All Right,0.0,0.0,0.17420989057444297,0.44386889345360364,2010-07-09,2010,/movies/?id=kidsareallright.htm,0.0,1.0,0.0,0.0,0.0,0.0,0.0,0.0,0.0,0.0,0.0,0.0,0.0,0.0,1.0,0.0,1.0,0.0,0.0,1.0,0.0,0.0,4,0,0,0,0,1,0
127 Hours,0.5065085383586434,0.7529179681078416,0.09466981704435876,0.1933553630436724,2010-11-05,2010,/movies/?id=127hours.htm,1.0,0.0,1.0,0.0,0.0,0.0,0.0,0.0,1.0,0.0,0.0,0.0,0.0,1.0,0.0,1.0,1.0,0.0,0.0,0.0,0.0,0.0,6,0,0,0,0,0,0
Winter's Bone,0.01771124314385714,0.11096498438270591,0.05249953303971252,0.06296329373939448,2010-06-11,2010,/movies/?id=wintersbone.htm,0.0,1.0,1.0,0.0,0.0,0.0,0.0,0.0,0.0,0.0,0.0,0.0,0.0,0.0,0.0,0.0,1.0,0.0,0.0,1.0,0.0,0.0,4,0,0,0,0,0,0
The Help,0.010135555954838232,0.12883817427385894,2.942926706005801,1.6012041792102,2011-08-10,2011,/movies/?id=help2011.htm,0.0,1.0,0.0,0.0,0.0,0.0,0.0,0.0,0.0,0.0,0.0,0.0,0.0,0.0,0.0,0.0,1.0,0.0,0.0,0.0,2.0,0.0,4,0,0,0,0,0,0
The Descendants,2.8096427752702393,1.9026970954356848,0.892821411774733,0.4664423587745706,2011-11-16,2011,/movies/?id=descendents.htm,1.0,0.0,1.0,0.0,0.0,0.0,0.0,1.0,1.0,0.0,0.0,0.0,0.0,0.0,0.0,0.0,1.0,0.0,0.0,0.0,0.0,0.0,5,0,0,0,0,0,1
War Horse,0.6736056198183864,2.357365145228216,1.2591865930057209,1.517265804852134,2011-12-25,2011,/movies/?id=warhorse.htm,0.0,0.0,0.0,0.0,1.0,1.0,0.0,0.0,0.0,0.0,0.0,0.0,0.0,1.0,0.0,0.0,1.0,1.0,1.0,0.0,0.0,0.0,6,0,0,0,0,0,0
Moneyball,0.007554383795502003,0.10269709543568464,1.310659450448586,1.6033292013458473,2011-09-23,2011,/movies/?id=moneyball.htm,1.0,0.0,1.0,0.0,0.0,0.0,0.0,0.0,1.0,0.0,0.0,0.0,0.0,0.0,0.0,0.0,1.0,1.0,0.0,1.0,0.0,0.0,6,0,0,0,0,0,0
Hugo,1.3928770033245368,0.9616182572614108,0.9711308256246005,1.3855144324420046,2011-11-23,2011,/movies/?id=hugocabret.htm,0.0,0.0,1.0,0.0,1.0,1.0,1.0,1.0,1.0,0.0,0.0,0.0,0.0,1.0,0.0,0.0,1.0,1.0,1.0,0.0,0.0,1.0,11,0,0,0,0,0,0
Midnight in Paris,0.0283280809577581,0.15311203319502076,0.9795002638947192,0.5514432442004604,2011-05-20,2011,/movies/?id=midnightinparis.htm,0.0,0.0,0.0,0.0,1.0,0.0,0.0,1.0,0.0,0.0,0.0,0.0,0.0,0.0,1.0,0.0,1.0,0.0,0.0,0.0,0.0,0.0,4,0,0,0,0,0,0
The Artist,2.0196935070317776,0.9382780082987552,0.21457275597565556,0.35169116344961926,2011-11-25,2011,/movies/?id=artist.htm,1.0,0.0,0.0,0.0,1.0,1.0,1.0,1.0,1.0,0.0,0.0,0.0,0.0,1.0,1.0,0.0,1.0,0.0,0.0,0.0,1.0,0.0,10,1,1,1,1,1,0
Extremely Loud & Incredibly Close,2.058163073846961,2.4553941908713695,0.19836051784641265,1.3972020541880645,2011-12-25,2011,/movies/?id=extremelyloud.htm,0.0,0.0,0.0,0.0,0.0,0.0,0.0,0.0,0.0,0.0,0.0,0.0,0.0,0.0,0.0,0.0,1.0,0.0,0.0,1.0,0.0,0.0,2,0,0,0,0,0,0
The Tree of Life,0.0,0.0,0.2308414754237712,0.12590756153709934,2011-05-27,2011,/movies/?id=treeoflife.htm,0.0,0.0,0.0,0.0,0.0,1.0,0.0,1.0,0.0,0.0,0.0,0.0,0.0,0.0,0.0,0.0,1.0,0.0,0.0,0.0,0.0,0.0,3,0,0,0,0,0,0
Lincoln,0.9203589459251867,1.1476332922752068,2.111346495873762,1.3291897462321267,2012-11-09,2012,/movies/?id=lincoln.htm,1.0,0.0,1.0,0.0,1.0,1.0,1.0,1.0,1.0,0.0,0.0,0.0,0.0,1.0,0.0,0.0,1.0,1.0,0.0,1.0,1.0,0.0,12,0,0,0,0,0,0
Django Unchained,1.2894989578806972,1.5900052789019885,1.6314619567992061,1.744815148782687,2012-12-25,2012,/movies/?id=djangounchained.htm,0.0,0.0,0.0,0.0,0.0,1.0,0.0,0.0,0.0,0.0,0.0,0.0,0.0,0.0,1.0,0.0,1.0,0.0,1.0,1.0,0.0,0.0,5,0,0,0,0,0,0
Les Miserables (2012),1.0860314311388517,1.545134612000704,1.562150716021367,1.6833698312508052,2012-12-25,2012,/movies/?id=lesmiserables2012.htm,1.0,0.0,0.0,0.0,1.0,0.0,1.0,0.0,0.0,0.0,1.0,0.0,0.0,0.0,0.0,1.0,1.0,1.0,0.0,0.0,1.0,0.0,8,0,0,0,0,1,0
Argo,0.5383965056481059,0.7416857293682915,1.6002842661333172,1.8821976040190649,2012-10-12,2012,/movies/?id=argo.htm,0.0,0.0,1.0,0.0,0.0,0.0,0.0,0.0,1.0,0.0,0.0,0.0,0.0,1.0,0.0,0.0,1.0,1.0,1.0,1.0,0.0,0.0,7,1,1,1,1,0,1
Silver Linings Playbook,1.988731543057863,1.4828435685377441,0.5184369845559162,0.43185624114388765,2012-11-16,2012,/movies/?id=silverliningsplaybook.htm,1.0,1.0,1.0,0.0,0.0,0.0,0.0,1.0,1.0,0.0,0.0,0.0,0.0,0.0,0.0,0.0,1.0,0.0,0.0,1.0,1.0,0.0,8,0,0,0,0,0,0
Life of Pi,0.6049019207460399,0.6630300897413338,1.331658674374137,1.707716089140796,2012-11-21,2012,/movies/?id=lifeofpi.htm,0.0,0.0,1.0,0.0,1.0,1.0,0.0,1.0,1.0,0.0,0.0,0.0,0.0,1.0,0.0,1.0,1.0,1.0,1.0,0.0,0.0,1.0,11,0,0,0,0,0,0
Zero Dark Thirty,2.4034736177996523,1.5551645257786382,0.07547356941623702,0.03478036841427283,2012-12-19,2012,/movies/?id=binladen.htm,0.0,1.0,0.0,0.0,0.0,0.0,0.0,0.0,1.0,0.0,0.0,0.0,0.0,0.0,1.0,0.0,1.0,0.0,1.0,0.0,0.0,0.0,5,0,0,0,0,0,0
Beasts of the Southern Wild,0.03564760958969682,0.10135491817701918,0.16380336499073844,0.184335952595646,2012-06-27,2012,/movies/?id=beastsofthesouthernwild.htm,0.0,1.0,1.0,0.0,0.0,0.0,0.0,1.0,0.0,0.0,0.0,0.0,0.0,0.0,0.0,0.0,1.0,0.0,0.0,0.0,0.0,0.0,4,0,0,0,0,0,0
Amour,0.1329594682139067,0.17314798521907443,0.005383971835319581,0.0017390184207136416,2012-12-19,2012,/movies/?id=amour.htm,0.0,1.0,0.0,0.0,0.0,0.0,0.0,1.0,0.0,1.0,0.0,0.0,0.0,0.0,1.0,0.0,1.0,0.0,0.0,0.0,0.0,0.0,5,0,0,0,0,0,0
Gravity,0.8726893861625828,0.8352975839717148,3.576110393668432,1.9711042311661506,2013-10-04,2013,/movies/?id=gravity.htm,0.0,1.0,0.0,0.0,1.0,1.0,0.0,1.0,1.0,0.0,0.0,0.0,0.0,1.0,0.0,0.0,1.0,1.0,1.0,0.0,0.0,1.0,10,0,0,1,1,0,0
American Hustle,2.60289642581129,1.7428550383028876,1.4588473381455946,1.3565531475748194,2013-12-13,2013,/movies/?id=davido2013.htm,1.0,1.0,0.0,0.0,1.0,0.0,1.0,1.0,1.0,0.0,0.0,0.0,0.0,0.0,1.0,0.0,1.0,0.0,0.0,1.0,1.0,0.0,10,0,0,0,0,1,0
The Wolf of Wall Street,2.028035677844239,1.6712581025338835,1.1403029973590242,1.3194014447884417,2013-12-25,2013,/movies/?id=wolfofwallstreet.htm,1.0,0.0,1.0,0.0,0.0,0.0,0.0,1.0,0.0,0.0,0.0,0.0,0.0,0.0,0.0,0.0,1.0,0.0,0.0,1.0,0.0,0.0,5,0,0,0,0,0,0
Captain Phillips,0.12641862654632102,0.598629935179729,1.4655072772788043,1.6217750257997936,2013-10-11,2013,/movies/?id=captainphillips.htm,0.0,0.0,1.0,0.0,0.0,0.0,0.0,0.0,1.0,0.0,0.0,0.0,0.0,0.0,0.0,0.0,1.0,1.0,1.0,1.0,0.0,0.0,6,0,0,0,0,0,0
12 Years a Slave,0.6973861452850351,0.8160724808485563,0.5447136088331511,0.760577915376677,2013-10-18,2013,/movies/?id=twelveyearsaslave.htm,1.0,0.0,1.0,0.0,1.0,0.0,1.0,1.0,1.0,0.0,0.0,0.0,0.0,0.0,0.0,0.0,1.0,0.0,0.0,1.0,1.0,0.0,9,1,1,0,1,0,1
Philomena,0.7467177211120888,0.8120948733058339,0.3142137677333905,0.4308565531475748,2013-11-22,2013,/movies/?id=philomena.htm,0.0,1.0,1.0,0.0,0.0,0.0,0.0,0.0,0.0,0.0,0.0,0.0,0.0,1.0,0.0,0.0,1.0,0.0,0.0,0.0,0.0,0.0,4,0,0,0,0,0,0
Dallas Buyers Club,0.5259521021193244,0.7358573954036536,0.23451946930970288,0.37874097007223945,2013-11-01,2013,/movies/?id=dallasbuyersclub.htm,1.0,0.0,0.0,0.0,0.0,0.0,0.0,0.0,1.0,0.0,1.0,0.0,0.0,0.0,1.0,0.0,1.0,0.0,0.0,1.0,0.0,0.0,6,0,0,0,0,0,0
Her (2013),0.8740307030938055,1.1462139068945199,0.1457261631044846,0.8921568627450981,2013-12-18,2013,/movies/?id=her2013.htm,0.0,0.0,0.0,0.0,1.0,0.0,0.0,0.0,0.0,0.0,0.0,0.0,0.0,1.0,1.0,1.0,1.0,0.0,0.0,0.0,0.0,0.0,5,0,0,0,0,0,0
Nebraska,0.5258732120253132,0.6417206835592222,0.12005898456741575,0.26883384932920534,2013-11-15,2013,/movies/?id=nebraska.htm,1.0,0.0,0.0,0.0,0.0,1.0,0.0,1.0,0.0,0.0,0.0,0.0,0.0,0.0,1.0,0.0,1.0,0.0,0.0,0.0,1.0,0.0,6,0,0,0,0,0,0
American Sniper,6.087327263532549,2.7414659962953163,0.13152198310318933,0.0037682524729156855,2014-12-25,2014,/movies/?id=americansniper.htm,1.0,0.0,1.0,0.0,0.0,0.0,0.0,0.0,1.0,0.0,0.0,0.0,0.0,0.0,0.0,0.0,1.0,1.0,1.0,0.0,0.0,0.0,6,0,0,0,0,0,0
The Imitation Game,0.7902758629030961,1.694981035547323,1.66811331162824,1.4752708431464907,2014-11-28,2014,/movies/?id=imitationgame.htm,1.0,0.0,1.0,0.0,1.0,0.0,0.0,1.0,1.0,0.0,0.0,0.0,0.0,1.0,0.0,0.0,1.0,0.0,0.0,0.0,1.0,0.0,8,0,0,0,0,0,0
The Grand Budapest Hotel,0.003992367571599039,0.14818735115109818,2.3040979908229535,1.3820065944418276,2014-03-07,2014,/movies/?id=grandbudapesthotel.htm,0.0,0.0,0.0,0.0,1.0,1.0,1.0,1.0,1.0,0.0,1.0,0.0,0.0,1.0,1.0,0.0,1.0,0.0,0.0,0.0,0.0,0.0,9,0,0,0,0,1,0
Selma,0.6344566014910488,1.5771368086795448,0.6453206630008895,2.0527555346208195,2014-12-25,2014,/movies/?id=selma.htm,0.0,0.0,0.0,0.0,0.0,0.0,0.0,0.0,0.0,0.0,0.0,0.0,0.0,0.0,0.0,1.0,1.0,0.0,0.0,0.0,0.0,0.0,2,0,0,0,0,0,0
Birdman,0.21492406916651952,0.6887183558260562,1.0373449442409577,0.8120584079133302,2014-10-17,2014,/movies/?id=birdman.htm,1.0,0.0,0.0,0.0,0.0,1.0,0.0,1.0,0.0,0.0,0.0,0.0,0.0,0.0,1.0,0.0,1.0,1.0,1.0,1.0,1.0,0.0,9,1,0,1,1,0,0
The Theory of Everything,0.152465200487238,0.6054511775602011,1.0217836713707573,1.149317004239284,2014-11-07,2014,/movies/?id=theoryofeverything.htm,1.0,1.0,1.0,0.0,0.0,0.0,0.0,0.0,0.0,0.0,0.0,0.0,0.0,1.0,0.0,0.0,1.0,0.0,0.0,0.0,0.0,0.0,5,0,0,0,0,0,0
Boyhood,0.018122741103426283,0.14395342683249537,0.9496619973472816,0.730098916627414,2014-07-11,2014,/movies/?id=boyhood.htm,0.0,0.0,0.0,0.0,0.0,0.0,0.0,1.0,1.0,0.0,0.0,0.0,0.0,0.0,1.0,0.0,1.0,0.0,0.0,1.0,1.0,0.0,6,0,1,0,0,0,1
Whiplash,0.09843589374452301,0.40010584810796507,0.24215543848573118,0.39472444653791805,2014-10-10,2014,/movies/?id=whiplash.htm,0.0,0.0,1.0,0.0,0.0,0.0,0.0,0.0,1.0,0.0,0.0,0.0,0.0,0.0,0.0,0.0,1.0,1.0,0.0,1.0,0.0,0.0,5,0,0,0,0,0,0
The Martian,0.07999145504941574,0.22318811280703527,2.9881462548453466,1.6587937805993436,2015-10-02,2015,/movies/?id=scott2016.htm,1.0,0.0,1.0,0.0,1.0,0.0,0.0,0.0,0.0,0.0,0.0,0.0,0.0,0.0,0.0,0.0,1.0,1.0,1.0,0.0,0.0,1.0,7,0,0,0,0,1,0
The Revenant,5.300270946444713,3.0009097341554636,0.7139504658076966,1.4526281809867112,2015-12-25,2015,/movies/?id=revenant.htm,1.0,0.0,0.0,0.0,1.0,1.0,1.0,1.0,1.0,0.0,1.0,0.0,0.0,0.0,0.0,0.0,1.0,1.0,1.0,1.0,0.0,1.0,12,0,1,1,0,0,1
Mad Max: Fury Road,0.0,0.0,2.0257896833823192,1.601979878409641,2015-05-15,2015,/movies/?id=furyroad.htm,0.0,0.0,0.0,0.0,1.0,1.0,1.0,1.0,1.0,0.0,1.0,0.0,0.0,0.0,0.0,0.0,1.0,1.0,1.0,0.0,0.0,1.0,10,0,0,0,0,0,0
Bridge of Spies,0.06567838987729052,0.42292530071767914,0.9338107980468691,1.2365631893258728,2015-10-16,2015,/movies/?id=coldwar2015.htm,0.0,0.0,0.0,0.0,1.0,0.0,0.0,0.0,0.0,0.0,0.0,0.0,0.0,1.0,1.0,0.0,1.0,1.0,0.0,1.0,0.0,0.0,6,0,0,0,0,0,0
The Big Short,1.0875436647020347,2.0450823814818557,0.5882572671680051,1.0885027169527088,2015-12-11,2015,/movies/?id=bigshort.htm,0.0,0.0,1.0,0.0,0.0,0.0,0.0,1.0,1.0,0.0,0.0,0.0,0.0,0.0,0.0,0.0,1.0,0.0,0.0,1.0,0.0,0.0,5,0,0,0,1,0,0
Spotlight,0.46746634254325004,0.8329121601132113,0.3803444067252737,0.4687146930650455,2015-11-06,2015,/movies/?id=spotlight.htm,0.0,0.0,0.0,0.0,0.0,0.0,0.0,1.0,1.0,0.0,0.0,0.0,0.0,0.0,1.0,0.0,1.0,0.0,0.0,1.0,1.0,0.0,6,1,0,0,0,0,0
Brooklyn,0.6246996655032148,0.7779237844940867,0.3005391099869335,0.4075967073761231,2015-11-04,2015,/movies/?id=brooklyn.htm,0.0,1.0,1.0,0.0,0.0,0.0,0.0,0.0,0.0,0.0,0.0,0.0,0.0,0.0,0.0,0.0,1.0,0.0,0.0,0.0,0.0,0.0,3,0,0,0,0,0,0
Room,0.374349535880081,0.6970585262306681,0.06916201403755647,0.08522085328455373,2015-10-16,2015,/movies/?id=room2015.htm,0.0,1.0,1.0,0.0,0.0,0.0,0.0,1.0,0.0,0.0,0.0,0.0,0.0,0.0,0.0,0.0,1.0,0.0,0.0,0.0,0.0,0.0,4,0,0,0,0,0,0
Hidden Figures,3.5341230017414,2.2948421288348135,1.5807916627336325,1.7366548042704626,2016-12-25,2016,/movies/?id=hiddenfigures.htm,0.0,0.0,1.0,0.0,0.0,0.0,0.0,0.0,0.0,0.0,0.0,0.0,0.0,0.0,0.0,0.0,1.0,0.0,0.0,0.0,1.0,0.0,3,0,0,0,0,0,0
La La Land,2.632443363448546,2.17391953422408,1.682842563689116,0.9481443823080834,2016-12-09,2016,/movies/?id=lalaland.htm,1.0,1.0,0.0,0.0,1.0,1.0,1.0,1.0,1.0,0.0,0.0,0.0,0.0,1.0,1.0,2.0,1.0,1.0,1.0,0.0,0.0,0.0,14,0,1,1,1,1,0
Arrival,0.24173710047232133,0.8202582667761439,1.7798132877812216,1.583629893238434,2016-11-11,2016,/movies/?id=arrival2016.htm,0.0,0.0,1.0,0.0,1.0,1.0,0.0,1.0,1.0,0.0,0.0,0.0,0.0,0.0,0.0,0.0,1.0,1.0,1.0,0.0,0.0,0.0,8,0,0,0,0,0,0
Hacksaw Ridge,0.07502892828058572,0.33723968052549075,1.2180878564878697,1.5104219623792579,2016-11-04,2016,/movies/?id=hacksawridge.htm,1.0,0.0,0.0,0.0,0.0,0.0,0.0,1.0,1.0,0.0,0.0,0.0,0.0,0.0,0.0,0.0,1.0,1.0,1.0,0.0,0.0,0.0,6,0,0,0,0,0,0
Fences,0.40213829540483403,0.6368589982831977,0.9083722565950576,1.2038637519064566,2016-12-16,2016,/movies/?id=fences.htm,1.0,0.0,1.0,0.0,0.0,0.0,0.0,0.0,0.0,0.0,0.0,0.0,0.0,0.0,0.0,0.0,1.0,0.0,0.0,0.0,1.0,0.0,4,0,0,0,0,0,0
Manchester by the Sea,0.40970452927332396,0.7846532805852056,0.7255501253969747,0.6166751398068124,2016-11-18,2016,/movies/?id=manchesterbythesea.htm,1.0,0.0,0.0,0.0,0.0,0.0,0.0,1.0,0.0,0.0,0.0,0.0,0.0,0.0,1.0,0.0,1.0,0.0,0.0,1.0,1.0,0.0,6,0,0,0,0,0,0
Lion,1.3725710805205484,1.210569530491901,0.3074068461904563,0.3050330452465684,2016-11-25,2016,/movies/?id=lion.htm,0.0,0.0,1.0,0.0,0.0,1.0,0.0,0.0,0.0,0.0,0.0,0.0,0.0,1.0,0.0,0.0,1.0,0.0,0.0,1.0,1.0,0.0,6,0,0,0,0,0,0
Hell or High Water,0.0,0.0,0.5022793055399658,0.7651245551601423,2016-08-12,2016,/movies/?id=hellorhighwater.htm,0.0,0.0,0.0,0.0,0.0,0.0,0.0,0.0,1.0,0.0,0.0,0.0,0.0,0.0,1.0,0.0,1.0,0.0,0.0,1.0,0.0,0.0,4,0,0,0,0,0,0
Moonlight (2016),0.3322537008584398,0.741658580279167,0.2948560955857058,0.3304524656837824,2016-10-21,2016,/movies/?id=moonlight2016.htm,0.0,0.0,1.0,0.0,0.0,1.0,0.0,1.0,1.0,0.0,0.0,0.0,0.0,1.0,0.0,0.0,1.0,0.0,0.0,1.0,1.0,0.0,8,0,0,0,0,0,1
